rank_ben_no,feature,family,f_stat,p_anova,p_mal_ben,p_mal_no,p_ben_no,cliff_delta_mal_ben,cliff_delta_mal_no,cliff_delta_ben_no,mean_mal,mean_ben,mean_no,std_mal,std_ben,std_no,q_anova,q_mal_ben,q_mal_no,q_ben_no
1,original_glcm_DifferenceVariance,glcm,26.717355951916975,1.0854386774829712e-11,0.009393534513644044,9.759176496782595e-13,2.861628591775679e-06,0.200031328320802,0.4735296390756627,0.3125393329137823,0.5440994961498804,0.47567305349836364,0.36503505066524644,0.25214128337374586,0.2535018614900301,0.18628519352984377,4.4285898041305225e-11,0.015707221645765452,3.6868000098956465e-12,0.00029188611636111924
2,original_glcm_Contrast,glcm,28.463449208711086,2.291474048145052e-12,0.0009974410282704669,1.4298293241107023e-13,1.0303919954899346e-05,0.25344611528822053,0.4907643558234794,0.2945248584015104,0.8265635887454136,0.6615106144216377,0.5091576281100699,0.4423745321603577,0.39615271720056644,0.3111412643987857,9.738764704616472e-12,0.0022608663307463915,6.076774627470485e-13,0.0003842451579308839
3,original_glcm_Correlation,glcm,33.75852098772145,2.1865934597753626e-14,1.279548503975817e-05,2.9908692176443326e-16,2.260265634887552e-05,-0.33599624060150374,-0.5425457917922559,-0.282960981749528,0.9731901204463157,0.980566150906686,0.9847680471706293,0.015370002271728314,0.012327462062061404,0.010263396202057047,1.3591258954093675e-13,3.838645511927451e-05,2.1790618585694426e-15,0.0003842451579308839
4,original_glszm_SizeZoneNonUniformityNormalized,glszm,18.28092870996874,2.3267618955989013e-08,0.5328519862568541,5.155689843247009e-07,1.992109421602421e-05,0.048088972431077695,0.3332560476080068,0.28484896161107615,0.13423869383622614,0.13335390482274612,0.11005218447452068,0.03551772500259452,0.04115895594295216,0.044676692914979346,5.9332428337771986e-08,0.5782010914702034,1.073225232675908e-06,0.0003842451579308839
5,original_glszm_SmallAreaEmphasis,glszm,18.678816615757285,1.610893272918543e-08,0.7043274299847132,1.820403407568745e-06,1.8304767923041687e-05,0.029291979949874685,0.31679418811345544,0.2861076148521082,0.3500472986637983,0.34926516270520747,0.3049456421563924,0.06300691931455954,0.06899871002490288,0.08760372660737241,4.3239766799392466e-08,0.7562252406151657,3.64080681513749e-06,0.0003842451579308839
6,original_glszm_SizeZoneNonUniformity,glszm,42.43773929577817,1.3060529364330199e-17,6.321942758067102e-08,1.6000411143066714e-19,1.2727144253317369e-05,0.41651002506265666,0.5998917999845429,0.29145689112649464,649.2569602908605,380.8137003535173,264.34691686001304,451.7072594216261,397.6803957888877,287.04960825482425,3.3304349879042004e-16,8.060477016535554e-07,3.2640838731856097e-18,0.0003842451579308839
7,original_glcm_MCC,glcm,30.00785309381622,5.841396824630489e-13,1.767867861281884e-05,8.165776542422426e-15,6.253674617424205e-05,-0.33051378446115287,-0.5154185022026432,-0.26730648206419133,0.9780429058529153,0.9845058149655194,0.9873315041500231,0.013420652249484124,0.009875628601326816,0.008826976733704943,2.5905325048361297e-12,5.1520720528786336e-05,4.627273374039375e-14,0.000911249729967527
8,original_glszm_LargeAreaHighGrayLevelEmphasis,glszm,18.775749704144545,1.4730039441689768e-08,2.912032002875196e-06,2.0589436146843207e-17,8.088564407933671e-05,-0.3601190476190476,-0.5635675090810727,-0.263215859030837,1913226.26153359,4231700.456243782,8768284.478838129,4676449.721637833,5877409.780153632,13515276.251680471,4.0607135758171794e-08,9.900908809775667e-06,2.625153108722509e-16,0.001031291962011543
9,original_glszm_ZonePercentage,glszm,37.12235830005249,1.1957808237082035e-15,9.816332515260622e-08,2.9336634568397957e-18,0.00013907968575263847,0.41040100250626566,0.5784063683437669,0.2544052863436123,0.05797860607857923,0.03778233262865126,0.028178652901151468,0.03519840263142479,0.03368080449068375,0.024855551121384187,1.3275841333910472e-14,1.1125176850628706e-06,4.274766751395131e-17,0.0015762364385299027
10,original_gldm_SmallDependenceEmphasis,gldm,37.02363384143196,1.3015530719520072e-15,7.20729528956866e-07,1.0459230950185535e-16,0.00027500030985934626,0.3815789473684211,0.5508926501275214,0.24292007551919445,0.06854470113315346,0.05259470489162078,0.04489477342413763,0.027811933569853106,0.025688463435159955,0.020552529847885075,1.3275841333910472e-14,4.324377173741196e-06,8.977899404728954e-16,0.002805003160565332
11,original_ngtdm_Complexity,ngtdm,14.607803449157132,7.134294841639023e-07,0.007850502655795944,1.5510014414263343e-10,0.00032102109579871613,0.20473057644110276,0.42483963211994746,0.24024543738200127,97.40085416624643,80.24343446695435,62.73175882522025,60.33694316128208,61.27733018586898,52.046410164962616,1.5819523344503921e-06,0.015290653922630093,4.94381709454644e-10,0.0028549066308478023
12,original_gldm_DependenceVariance,gldm,16.012184057768046,1.915543207008391e-07,0.06481126439139882,2.0551017330096444e-08,0.00033587136833503555,0.14223057644110276,0.37220805317257905,0.2394587791063562,4.633337017893932,4.451530812872554,4.167550428232938,0.7066087130931719,0.746207895808902,0.7612948243740015,4.440577434428543e-07,0.09438835478187782,5.1126921162678954e-08,0.0028549066308478023
13,original_glcm_DifferenceEntropy,glcm,36.443854908852934,2.1424856739319248e-15,4.232878166672275e-06,6.60809354434106e-15,0.00043161966328056985,0.3541666666666667,0.5171960738851534,0.23505349276274387,1.2340733980101135,1.0892417119050217,1.0055644885854045,0.2476684072543279,0.228983044641625,0.2263201984097971,1.6810272210850486e-14,1.3492299156267877e-05,3.9648561266046364e-14,0.003386554281124471
14,original_glrlm_ShortRunEmphasis,glrlm,40.08931980944071,9.501991743281538e-17,8.00091105445861e-07,2.4649549771088883e-16,0.0006831810041334507,0.3800125313283208,0.5440915062987867,0.22679358086847073,0.5309868777179503,0.4612216286947433,0.4197773937809648,0.10162123732264097,0.10605829401953687,0.11183574586621627,1.2115039472683961e-15,4.533849597526545e-06,1.9340415974238973e-15,0.004977461601543712
15,original_glcm_DifferenceAverage,glcm,32.84821934674933,4.832099199436767e-14,6.7336537592254455e-06,2.548039174940687e-14,0.0008387304814323355,0.3466478696741855,0.5057577865368267,0.22301762114537446,0.48562135142461077,0.3894191716703763,0.34176259076784066,0.17793634986554582,0.1568888147787543,0.13909150000708845,2.347019611155001e-13,2.0813111619424104e-05,1.2994999792197505e-13,0.0057033672737398814
16,original_glcm_Imc1,glcm,41.527386858713136,2.8128869497376566e-17,1.0977950173443897e-07,1.056223459379877e-16,0.000996974785804672,0.40883458646616544,0.5508153644021949,0.2197923222152297,-0.5985450233617349,-0.6560826734531651,-0.6819949093150871,0.08379610999819134,0.07880741523012545,0.07766096552631993,5.738289377464819e-16,1.1197509176912776e-06,8.977899404728954e-16,0.006355714259504784
17,original_glszm_GrayLevelNonUniformity,glszm,40.46601406620818,6.903312755073428e-17,3.8441213743038864e-11,1.0001492320416998e-19,0.0011630727289059727,0.5089285714285714,0.6032923718989103,0.216881686595343,298.2619910227136,172.9291971253932,140.11374726572095,188.83830855028725,162.2851691855653,128.13726253437895,1.1735631683624828e-15,1.3070012672633213e-09,3.059020625001652e-18,0.006978436373435836
18,original_glszm_LargeAreaEmphasis,glszm,7.278130597757538,0.000774808002755219,0.0003710839923032295,2.4085227161281704e-10,0.0014282849359531058,-0.2741228070175439,-0.4203570600510086,-0.2129483952171177,95268.99533157893,114100.66035427635,206168.9904301776,195735.95522685203,148401.7967934398,362941.1708900472,0.0013394985810344464,0.0009462641803732353,7.444524758941618e-10,0.007730372376181652
19,original_glrlm_LongRunHighGrayLevelEmphasis,glrlm,35.60380058994347,4.41976249202361e-15,2.3491679187834942e-07,1.1996159313731968e-19,0.0014399713249750134,-0.3980263157894737,-0.6019785145683593,-0.21279106356198868,1048.7865870702763,1882.4053434570476,2459.363935131434,1040.7808483483657,1372.7737855620987,1660.1073101236527,3.220112672760059e-14,1.99679273096597e-06,3.059020625001652e-18,0.007730372376181652
20,original_glcm_Imc2,glcm,30.39618390174427,4.147875570213614e-13,2.106705332227393e-09,2.0201666863800165e-20,0.001741290798430346,-0.46115288220551376,-0.614730659247237,-0.2090937696664569,0.9923931426482316,0.9952914822421839,0.9962823680899002,0.005125312597312056,0.0045387737976550595,0.0037866107598949757,1.9231059461899483e-12,3.581399064786568e-08,1.0302850100538085e-18,0.008073257338177058
21,original_glszm_ZoneVariance,glszm,7.194217677918302,0.0008404299151362473,0.00043294448153635565,4.13362028919992e-10,0.0016261783558326338,-0.27098997493734334,-0.4147924878274983,-0.2104310887350535,93953.41748743044,111391.16857294376,197142.7423413418,193641.59861223082,144964.90159695313,335628.70445988287,0.0014287308557316206,0.0010770813930904457,1.2400860867599759e-09,0.008073257338177058
22,original_glszm_SmallAreaLowGrayLevelEmphasis,glszm,17.071155930431754,7.14301678247008e-08,0.044717206625872086,6.804469876538769e-07,0.0016659816388616868,0.15460526315789475,0.3297009042429863,0.20995909376966645,0.01015188785810974,0.00851864869273941,0.006943992344513087,0.0058159842752827885,0.0048264305516095415,0.004254067353672766,1.694390027469647e-07,0.06610369675128916,1.3881118548139088e-06,0.008073257338177058
23,original_glrlm_RunLengthNonUniformityNormalized,glrlm,36.74405133679073,1.654939114272394e-15,8.695769166073113e-07,7.583089459829949e-16,0.0019396020320040738,0.37875939849624063,0.5350490764355823,0.20696979232221524,0.2961954755631368,0.2402758865719762,0.21359126033180892,0.08747828883512426,0.08462773992358895,0.08120225750945265,1.4066982471315347e-14,4.668255025997145e-06,4.834219530641592e-15,0.008601713359322414
24,original_glcm_Idm,glcm,33.49404514250244,2.752291573211585e-14,1.7646064278361637e-06,4.2137977329971614e-14,0.0036734654931017577,-0.36795112781954886,-0.5014297859185408,-0.19398993077407176,0.7851666740749478,0.8260132478143225,0.8430138621128822,0.06971083880174457,0.06200593229560018,0.056490627995417056,1.5596318914865648e-13,7.4995773183036954e-06,2.0467017560271924e-13,0.01561222834568247
25,original_firstorder_Maximum,firstorder,6.828246482420439,0.0011984992362704487,0.4387938174379492,0.0001792879752155256,0.003930176716534525,0.05968045112781955,0.2487054641007806,0.19257394587791063,422.64329855402053,417.41236067854214,377.55039745021986,115.17666152895681,137.32580418156914,118.11894142534189,0.0019101081578060278,0.486488797594248,0.0002857402104997439,0.016035121003460863
26,original_glcm_Id,glcm,33.71790189683975,2.265209825682279e-14,1.932530928795074e-06,5.507599143363927e-14,0.004476484020348626,-0.36654135338345867,-0.4991112141587449,-0.18982064191315293,0.7941903424515724,0.8319517591070807,0.8474851598802121,0.06363393459771109,0.05660860588704834,0.052294095707950156,1.3591258954093675e-13,7.581467489888367e-06,2.5535232391960023e-13,0.0175615911567523
27,original_glrlm_ShortRunLowGrayLevelEmphasis,glrlm,20.580116497546868,2.8028273016610443e-09,0.002058458210643847,5.559820634434148e-12,0.005697319962877363,0.23731203007518797,0.4573769224824175,0.18462869729389553,0.017982021927293944,0.014907357432886296,0.010871290284022903,0.010643355183016245,0.011731796973459142,0.008436880239448845,8.663284386952319e-09,0.004374223697618175,1.955523119697528e-11,0.021523208748647816
28,original_glrlm_RunEntropy,glrlm,43.44814391812169,5.590817643350976e-18,4.0935169805789067e-08,3.0101462959304704e-17,0.006210908889131487,-0.4224624060150376,-0.5606306515186645,-0.18274071743234738,6.276394924055122,6.665227929478613,6.829710629975381,0.4684705516185326,0.5295423129980882,0.5312971405575282,1.900877998739332e-16,5.96483902884355e-07,3.4114991353878663e-16,0.02262545381040756
29,original_glrlm_RunPercentage,glrlm,33.778077129521016,2.14972665492437e-14,1.8939371966394923e-06,9.797882265664334e-14,0.006483022732207263,0.3668546365914787,0.4940876420125203,0.18179672750157333,0.3884486726228136,0.32202831067940385,0.2957245191169685,0.10928044982997955,0.09750031134769155,0.09226610840690831,1.3591258954093675e-13,7.581467489888367e-06,4.345147787381574e-13,0.022802355816728997
30,original_gldm_DependenceNonUniformity,gldm,11.044092371551942,2.0778351075722764e-05,0.20747364755960662,9.626182911072064e-06,0.007390843558837971,-0.09711779448621553,-0.29376304196614883,-0.17888609188168658,13098.71733601147,14311.712051902474,16088.9910489014,4361.582975395114,5969.97432399693,6191.759000130936,4.238783619447444e-05,0.24896837707152797,1.7533404588024114e-05,0.024318259451660423
31,original_glszm_SmallAreaHighGrayLevelEmphasis,glszm,1.6643732796263442,0.1904724705231171,0.22175225108987706,0.07377964647340739,0.007287481106784103,-0.09414160401002507,0.11871087410155344,0.17920075519194462,51.13530240285164,56.482955291056946,50.865367311476355,19.81325809007951,26.404376465281487,31.56128879797933,0.21349661531162578,0.2630084838507844,0.09066896313599462,0.024318259451660423
32,original_glszm_ZoneEntropy,glszm,5.126746855030931,0.006287376733933547,0.8347883256302938,0.00896053735680949,0.007735914996757185,0.01613408521303258,-0.17350645335806478,-0.177863436123348,7.894556696741857,7.887714917402581,7.985939014874649,0.29745269743114994,0.3376478014552374,0.3106272069521883,0.008907117039739192,0.8430535565771284,0.013056783005636684,0.024658229052163527
33,original_gldm_LargeDependenceHighGrayLevelEmphasis,gldm,24.73407752859259,6.435165768030882e-11,3.935030398825468e-05,4.2713350200186438e-16,0.008617712808446832,-0.31657268170426067,-0.5396862199551743,-0.17542479546884834,2361.8011090210125,3223.1441568687615,3784.5036197843215,1580.6962427081446,1727.286277765491,1858.363893593595,2.5245650320736537e-10,0.00010562450017899942,2.904507813612678e-15,0.025853138425340497
34,original_gldm_LargeDependenceEmphasis,gldm,32.895012871650586,4.6387844808372675e-14,2.1157510487643905e-06,2.8449534561189333e-13,0.008587920960716106,-0.3651315789473684,-0.4846587835226834,-0.17550346129641284,40.11814179076678,46.32480086492176,48.725045337310604,10.149040465628042,9.074690225335736,8.809803607554825,2.347019611155001e-13,7.992837295332142e-06,1.1160971250928123e-12,0.025853138425340497
35,original_gldm_SmallDependenceHighGrayLevelEmphasis,gldm,20.60513269073785,2.7393208935744137e-09,0.000856134917634848,1.9737767756174734e-08,0.009107109493035892,0.2567355889724311,0.37267176752453823,0.17416614222781623,7.9654937212988495,6.146225739780007,5.327684515146266,4.5356133788210915,3.8092909339202814,2.8153517050477697,8.663284386952319e-09,0.001984676399971693,5.033130777824557e-08,0.026540719093990313
36,original_glrlm_RunLengthNonUniformity,glrlm,40.243848270681305,8.334307628334052e-17,1.1072280276763459e-09,6.1490766454847e-17,0.010947107471660392,0.4691416040100251,0.5550660792951542,0.1699181875393329,10145.210514304537,6377.686325023406,5621.963103202968,5422.909445123865,4295.707678219472,3944.1435829709612,1.2115039472683961e-15,2.2587451764597455e-08,6.272058178394394e-16,0.03101680450303778
37,original_firstorder_Range,firstorder,2.8783641523815593,0.057262540496983906,0.7968708078901399,0.03421656636516077,0.01437441698395575,-0.019893483709273182,0.14058273436896204,0.16346758967904343,586.5109832828349,594.0168919496518,562.3132608416935,119.37984308942465,132.73272447534157,125.06437292084746,0.06791603640339952,0.8256507519758608,0.044744740631364084,0.03962677114495909
38,original_ngtdm_Strength,ngtdm,4.7870484084877525,0.008766345161345673,0.007524886112474591,0.46284444229863797,0.014948295797060427,-0.20582706766917294,-0.04876729268104181,0.16252359974826935,0.23079427629696328,0.3308119473417718,0.26627952828097073,0.142446734282294,0.34515719090934827,0.22956201068853058,0.012248865841880256,0.015049772224949182,0.48670240324186675,0.04012437292895167
39,original_gldm_SmallDependenceLowGrayLevelEmphasis,gldm,19.71180841185387,6.218821932513594e-09,0.0027519213621258346,8.090693817964109e-12,0.016900895875811655,0.23057644110275688,0.453821779117397,0.1595342983008181,0.0031416629510683212,0.0026119356846909672,0.0017966455428390681,0.002018218902833357,0.00234557070558824,0.0016462326139298216,1.7619995475455184e-08,0.005613919578736703,2.750835898107797e-11,0.04309728448331972
40,original_glcm_InverseVariance,glcm,32.95820321133332,4.3899982621364263e-14,1.0478054915062573e-06,2.7961175015364744e-13,0.016525222103913384,0.37593984962406013,0.48481335497333644,0.16008495909376966,0.33232646230076246,0.28311924605238625,0.26569994044573514,0.07614076416041322,0.06909640517685985,0.0701707727596888,2.347019611155001e-13,5.089340958744678e-06,1.1160971250928123e-12,0.04309728448331972
41,original_gldm_DependenceNonUniformityNormalized,gldm,22.22319534476687,6.25162789101066e-10,3.1834254569835064e-06,1.2156057896584603e-12,0.019134215528639517,-0.35870927318295737,-0.4715202102171729,-0.1564663310258024,0.16089564699993708,0.18538616737486363,0.20045058066563978,0.041622887271334404,0.05005149501778218,0.056589973116851704,2.219679920495637e-09,1.0474496664913473e-05,4.428278233755819e-12,0.047602194729786114
42,original_firstorder_Energy,firstorder,4.06736504807041,0.01775587314656381,0.8094615215449616,0.029662567084173697,0.04600705358598529,-0.01864035087719298,-0.14436973490996213,-0.13325991189427314,804019724.1314777,812634834.0893167,846928831.1806806,160936220.91370675,150662834.92231053,134236999.18973517,0.021820470613849504,0.8256507519758608,0.03929327068293139,0.09024460511097113
43,original_glcm_Idmn,glcm,12.497859563326406,5.219562381412041e-06,0.0005649105422760662,5.605018565545921e-10,0.04436290907460096,-0.26550751879699247,-0.41162377308911047,-0.1342825676526117,0.9986202932311168,0.9988500626831509,0.999024795916066,0.0007408769498668434,0.0007641162804644867,0.0006568710443218654,1.1327560912851663e-05,0.0013400203560967154,1.6334625533876686e-09,0.09024460511097113
44,original_shape2D_Elongation,shape2D,4.73099120930697,0.009261037262176645,0.007945143704896029,0.32772440738891717,0.04355787628425737,0.20441729323308272,0.06499729499961357,-0.134793895531781,0.792769358419147,0.7391441806357603,0.7749947152145368,0.11788436851128066,0.14796174639098308,0.13451560232728035,0.012765213523540781,0.015290653922630093,0.37658053659853113,0.09024460511097113
45,original_shape2D_PerimeterSurfaceRatio,shape2D,6.166335023412674,0.0022805224852927124,0.009364473771512423,0.3497635266163234,0.043863414884953655,-0.20010964912280702,-0.06209908029986862,0.13459723096286974,0.014355027909265043,0.01512425006495795,0.014611500655301363,0.001335493354028913,0.0020559516334049924,0.0016356569039908207,0.003446760698200602,0.015707221645765452,0.3849293299171442,0.09024460511097113
46,original_shape2D_Perimeter,shape2D,4.659811268008942,0.009929806080329446,0.008979553461477269,0.3631046536639353,0.04428962268458812,0.2012061403508772,0.06039879434268491,-0.13432190056639395,1142.9336902826408,1109.1141414104607,1132.1500130278298,74.87994700537143,94.47292021029737,85.94054712285495,0.012985131028123122,0.015707221645765452,0.3940071773800149,0.09024460511097113
47,original_shape2D_MeshSurface,shape2D,4.662380805400161,0.009904840350581557,0.009199287766436423,0.3509649772773962,0.04411071650347412,0.20057957393483708,0.06194450884921555,-0.13443989930774072,80712.88596491228,75312.125,78986.22246696035,11957.485563818416,15075.864149672316,13715.04495480794,0.012985131028123122,0.015707221645765452,0.3849293299171442,0.09024460511097113
48,original_shape2D_MaximumDiameter,shape2D,4.18603814591345,0.015802696845785242,0.008823925862787968,0.3717885724402016,0.045364947522188385,0.20167606516290726,0.059316794188113454,-0.13365324103209567,407.67779197683876,398.20943788593223,404.75557137024,22.65168052581914,27.349471266734373,25.623290097318904,0.019899692324322156,0.015707221645765452,0.3991835198831638,0.09024460511097113
49,original_firstorder_TotalEnergy,firstorder,4.06736504807041,0.01775587314656381,0.8094615215449616,0.029662567084173697,0.04600705358598529,-0.01864035087719298,-0.14436973490996213,-0.13325991189427314,804019724.1314777,812634834.0893167,846928831.1806806,160936220.91370675,150662834.92231053,134236999.18973517,0.021820470613849504,0.8256507519758608,0.03929327068293139,0.09024460511097113
50,original_shape2D_Sphericity,shape2D,6.940852646371198,0.0010744481690734271,0.00811399961571672,0.3285849780124438,0.043494658115745204,0.20386904761904762,0.06488136641162377,-0.13483322844556325,0.8779949666390191,0.8710335414105516,0.8755472905600565,0.010422986397283281,0.018598695072795265,0.01349060410964858,0.0017966182499260584,0.015326443718576024,0.37658053659853113,0.09024460511097113
51,original_shape2D_PixelSurface,shape2D,4.662380805400161,0.009904840350581557,0.009199287766436423,0.3509649772773962,0.04411071650347412,0.20057957393483708,0.06194450884921555,-0.13443989930774072,80713.38596491228,75312.625,78986.72246696035,11957.485563818416,15075.864149672316,13715.04495480794,0.012985131028123122,0.015707221645765452,0.3849293299171442,0.09024460511097113
52,original_shape2D_MinorAxisLength,shape2D,4.698348166005349,0.009561925648512958,0.008361552604906917,0.33409065076962075,0.043250970405065155,0.20308583959899748,0.06414715202102171,-0.13499056010069227,292.0862525743703,272.4345963253626,285.68677702123574,43.34488380187413,54.527823926685215,49.585588969544176,0.012985131028123122,0.015506879376372828,0.37863607087223683,0.09024460511097113
53,original_firstorder_Skewness,firstorder,9.711570191059414,7.426844631364571e-05,0.017910657310811217,2.0437598728770482e-05,0.06109698725381039,0.18233082706766918,0.28278846896978127,0.1250786658275645,0.8548104928904608,0.7446207227401295,0.6369814058280175,0.49476555751613344,0.44641934488244117,0.3958308449055167,0.00014568041392292044,0.028105954549272987,3.5332797802281174e-05,0.1175828811299747
54,original_glcm_JointEntropy,glcm,7.897846867456123,0.00042543678102890015,0.014250518817535513,4.672770658168676e-05,0.08593042490822646,0.1887531328320802,0.2702681814668831,0.11469477658904971,5.263001961166965,5.144999618342211,5.078815210288103,0.5089332643658186,0.38049045996969566,0.3490285127294258,0.0007613079239464529,0.023072268561724164,7.943710118886748e-05,0.15651613108284107
55,original_glcm_SumAverage,glcm,6.158562646465776,0.002297840465467068,0.14318844142041912,0.0003270945965876905,0.0848599575365653,-0.11278195488721804,-0.23850374835767835,-0.11508810572687225,15.149590937706535,15.841510804627502,16.695249255430124,4.3876913096010135,3.951166144176557,3.6537340888683865,0.003446760698200602,0.1896781951283474,0.0005055098310900671,0.15651613108284107
56,original_glcm_JointAverage,glcm,6.158562646465789,0.0022978404654670393,0.14318844142041912,0.0003270945965876905,0.0848599575365653,-0.11278195488721804,-0.23850374835767835,-0.11508810572687225,7.574795468853267,7.920755402313751,8.347624627715062,2.1938456548005068,1.9755830720882788,1.8268670444341937,0.003446760698200602,0.1896781951283474,0.0005055098310900671,0.15651613108284107
57,original_glcm_Autocorrelation,glcm,5.335877387436369,0.0051251779398014475,0.08873873142085846,0.0001088475513892023,0.0928130780616273,-0.13110902255639098,-0.256897750985393,-0.11225613593455003,77.57983923530668,83.55054750875709,89.93787893921498,35.60660810754713,32.70507123627415,32.68276316883734,0.007576349997967357,0.1239911041770899,0.00017907177809191346,0.16608656074185935
58,original_gldm_HighGrayLevelEmphasis,gldm,5.202884834607877,0.005836401695822286,0.09144092240813988,0.00013413618946655825,0.09535915069767932,-0.1300125313283208,-0.2534971790710256,-0.11139081183134046,78.0398810053123,83.91717562610587,90.2328618211011,35.63291410911506,32.65278599810599,32.65273697018426,0.008504471042483903,0.12604019034635497,0.00021717287818395143,0.16653345474970388
59,original_firstorder_Kurtosis,firstorder,6.874365349486692,0.0011460418120303145,0.0015831844323555807,2.205607000961262e-07,0.09796085573511992,0.24326441102756893,0.34392147770306825,0.1105254877281309,3.8048016248043064,3.5331945413887653,3.1884094899451236,1.304882168817313,2.0462772710778228,1.2125117700335823,0.0018854236262434206,0.0034358470659631747,4.78663647017125e-07,0.16653345474970388
60,original_glcm_ClusterShade,glcm,3.9746248560032726,0.019449634278950644,0.37553980854233915,0.011078998151932041,0.09748364580964053,0.06829573934837092,0.16863745266249325,0.11068281938325991,419.02488459301026,407.5255424256106,350.8924664793566,250.9538573634115,250.80761084494236,222.0028439710458,0.023617413053011498,0.42093473045405044,0.01591630720418406,0.16653345474970388
61,original_gldm_LowGrayLevelEmphasis,gldm,8.787348392925763,0.00018044314878659895,0.24653608647720793,0.0016113179624834013,0.10408478839195281,0.08928571428571429,0.2093670299095757,0.10855884203901825,0.1102404021024274,0.09990356782159256,0.06969719841141923,0.1033920749339503,0.10419948262397322,0.0773441004814969,0.00034726794672137914,0.2857577365985819,0.002416976943725102,0.1740434166553965
62,original_glrlm_LowGrayLevelRunEmphasis,glrlm,11.227888083148022,1.744029919212569e-05,0.19109640638046288,0.0007316920304027963,0.10893934119128243,0.10072055137844611,0.22420588917226988,0.10706419131529264,0.049944609085261646,0.043839713983090736,0.034768019809721794,0.03515412201438241,0.032372924331754656,0.022898034790690948,3.630429627748613e-05,0.23484136687719534,0.0011139192104639587,0.17922278712114206
63,original_gldm_LargeDependenceLowGrayLevelEmphasis,gldm,6.844751203331509,0.0011794545848126932,0.753238034197708,0.04576283370428038,0.11890543908981711,0.024279448621553883,0.13262230466032923,0.10415355569540592,6.9836677547347605,6.437094343166014,4.452931721871374,7.4563591772677045,7.37454767812904,5.607448996600472,0.001909593137315789,0.8003154113350647,0.05762727207205678,0.19251356805018008
64,original_glszm_GrayLevelNonUniformityNormalized,glszm,1.7084692219431117,0.18231569627720057,0.0864741200465733,0.9077631227866205,0.12691177830078007,0.13204887218045114,0.007728572532653219,-0.10195091252359975,0.06521065301927209,0.06286680503173268,0.06434818397706749,0.008859847252480398,0.009920621408280489,0.009897432040992537,0.2066244557808273,0.12250500339931218,0.9214124249359835,0.20226564666686825
65,original_firstorder_Minimum,firstorder,7.658907159240953,0.000535966591335788,0.014658345550162103,1.6316153127904224e-05,0.13781481711668211,0.18796992481203006,0.28611175515882215,0.09911894273127753,-163.86768472881434,-176.6045312711096,-184.7628633914736,51.55973806532469,45.79855111605371,43.96694174058408,0.0009425619364870755,0.023361738220570853,2.8693924466314327e-05,0.21626325147540884
66,original_glszm_GrayLevelVariance,glszm,1.857634142018098,0.15723596571066276,0.17569097058020755,0.8957768721160312,0.14320818332218085,-0.10432330827067669,0.008733286961898137,0.09778162366268094,20.161979543524073,22.467764097731482,21.347417535185375,6.213245823456321,9.34637953376853,9.894017464938011,0.1822507784373591,0.22124048147137249,0.9214124249359835,0.22132173786155224
67,original_glrlm_HighGrayLevelRunEmphasis,glrlm,8.214098562321203,0.00031349906972466714,0.02248937274812018,4.9092536009955085e-06,0.14744067500189925,-0.17575187969924813,-0.3032691861813123,-0.09675896790434235,97.82293135310071,107.35845115782057,113.36236556624836,32.22639345828249,33.73281921728275,33.68895273630211,0.0005921649094799268,0.03475630333800392,9.447997496255508e-06,0.22446192313721974
68,original_glcm_Idn,glcm,20.684141907713876,2.548082130560114e-09,2.3861454043313257e-06,8.704010735194078e-12,0.16141643439826048,-0.3632518796992481,-0.4531262075894582,-0.09353366897419761,0.981228055583634,0.9846230512426625,0.9858914080114585,0.006522121459056591,0.00685625183562033,0.0059050582119246995,8.384012171520376e-09,8.692386830064114e-06,2.8639003064186967e-11,0.24212465159739072
69,original_glrlm_GrayLevelVariance,glrlm,4.259903080077505,0.014697486451276116,0.014170165345865827,0.08346593923342609,0.1996670107682681,-0.18890977443609022,-0.11492387356055336,0.085667086217747,16.844416221805442,18.005807825722915,17.5384476565061,3.185460582463396,3.114499279498006,2.866844293947261,0.018739295225377046,0.023072268561724164,0.10135149764058882,0.2951599289617876
70,original_glrlm_LongRunEmphasis,glrlm,4.558755202422277,0.010963464877948016,0.00013329546645464318,1.5913191221048755e-07,0.20720339566206258,-0.2941729323308271,-0.34794033542004793,-0.0842511013215859,33.64351710515259,42.408910202980486,46.55349646062032,37.23525275176983,35.15638619552002,38.00613442325043,0.014155359715831616,0.0003486189122659899,3.6069900101043843e-07,0.30192494796471975
71,original_gldm_GrayLevelNonUniformity,gldm,9.929824501538741,6.025344279504173e-05,3.47686872813285e-05,8.313416408661477e-05,0.23288678779321237,0.31876566416040103,0.2612257516036788,-0.07968848332284456,7559.059855171232,6489.752273338466,6587.599104503455,2449.704149529378,2137.76767616075,1839.4173717985989,0.00012050688559008347,9.851128063043075e-05,0.0001390112251940116,0.33456975147757273
72,original_firstorder_Median,firstorder,1.7190763290222284,0.18040653885648456,0.9780853028910531,0.23747917843055544,0.2538226872141681,-0.0021929824561403508,-0.07844501120643017,-0.0762271869100063,-17.896779209412593,-18.471916595286945,-15.20836381909934,17.045212566120917,18.415528954139663,16.57888410647925,0.2066244557808273,0.9780853028910531,0.2784238643668581,0.3595821402200715
73,original_glcm_ClusterProminence,glcm,2.0823444777182014,0.1258370311300022,0.30081708788257666,0.9364255613032716,0.26831774578282774,-0.07973057644110276,-0.005332715047530721,0.07394587791063562,14645.445717072997,16131.835508652017,14634.170443115625,5816.803902937522,8959.208587878382,5741.961738492602,0.14753307098000257,0.34475666251711035,0.9364255613032716,0.3749097269842251
74,original_glrlm_GrayLevelNonUniformity,glrlm,52.76471075936782,2.5925435014793414e-21,1.191087533128221e-13,3.580592826816933e-19,0.2739618162113968,0.5711152882205514,0.5940180848597264,0.07308055380742605,2339.153480131334,1690.079785913372,1647.6269537932465,658.3082419879679,556.743920419084,606.2684865268985,1.322197185754464e-19,6.074546418953927e-12,6.087007805588787e-18,0.3776230439670605
75,original_glrlm_ShortRunHighGrayLevelEmphasis,glrlm,3.761613329579323,0.023980468410403813,0.20310628435593892,0.01910841989687101,0.2839005948169093,0.09805764411027569,0.1555761650823093,0.07158590308370044,59.65412375509467,56.53523772181695,54.206141795982504,19.39952369087084,17.0596237219845,16.329387809319666,0.028776562092484578,0.2466290595750687,0.026338632830822203,0.3861048089509967
76,original_glrlm_LongRunLowGrayLevelEmphasis,glrlm,1.6224111276996545,0.19857474070453568,0.3456205917687625,0.9123789697895522,0.2940806688012183,-0.07268170426065163,-0.007342143906020558,0.07009125235997482,15.765025122360212,14.192003140819253,10.227055480435896,30.184979260545713,30.283685110492375,27.238518597011524,0.22015895165068086,0.39170333733793083,0.9214124249359835,0.39468721339110874
77,original_glcm_MaximumProbability,glcm,0.9644484024312814,0.38197990882361443,0.18227118257553476,0.46071839990978314,0.3203031764867684,-0.10275689223057644,-0.04899914985702141,0.06639395846444304,0.12521744661845355,0.1267695829563545,0.11795898997998068,0.07501536272114198,0.06319301392877445,0.05332973585859883,0.40166959484545023,0.22672756856956763,0.48670240324186675,0.42429771430714774
78,original_ngtdm_Coarseness,ngtdm,57.45907679978573,5.971330776414729e-23,4.441596691029805e-16,4.851184443552506e-22,0.3998754565973871,-0.6256265664160401,-0.6406213772316253,-0.05624606670862178,0.0005769431342218482,0.0008155975704497358,0.0008488593462357674,0.00014982382022729978,0.0002267973039242848,0.000254899732687994,6.090757391943024e-21,4.5304286248504014e-14,4.9482081324235565e-20,0.5229140586273524
79,original_firstorder_90Percentile,firstorder,1.261536508726112,0.2842181894348426,0.4999758800534422,0.11881902283356727,0.4213158961558563,-0.05200501253132832,-0.10356287193755313,-0.053728760226557586,139.41048849739522,141.41413965999453,143.21456277026203,19.340837976875203,20.212566161080808,22.17936471796207,0.30516058234056787,0.5483606426392591,0.14258282740028072,0.5439774861759157
80,original_glszm_LowGrayLevelZoneEmphasis,glszm,6.345093209184609,0.0019164643084913506,0.2440561038774397,0.035114943881459526,0.4399200377263589,0.08975563909774437,0.13988716284102326,0.051604782882315924,0.035165800862236266,0.029946485614594315,0.028094702782092123,0.02185149689805005,0.016121837731635277,0.015105156432748816,0.0030073747610171965,0.2857577365985819,0.04533828197353002,0.5608980481011077
81,original_gldm_DependenceEntropy,gldm,0.6830140644581718,0.5056151497149598,0.15881114520188422,0.02689811087252319,0.4462246283055058,0.10855263157894737,0.1469201638457377,0.05089679043423537,6.399258718877767,6.369811321817113,6.350028481914969,0.42150181067086,0.3472136704878594,0.34577239161932277,0.5209368209184434,0.20767611295631014,0.036581430786631536,0.5619124949032295
82,original_shape2D_MajorAxisLength,shape2D,0.7759427492805258,0.4608844832506378,0.16309449270672982,0.011629322262279867,0.45548266304268537,-0.10714285714285714,-0.16701445243063606,-0.04971680302076778,368.45908086994825,368.5847890104391,368.6325232840101,1.0025665451955184,1.2357668282863672,1.2919900736442318,0.4796960948118883,0.21057769944413215,0.016474873204896476,0.5649348112417489
83,original_glrlm_RunVariance,glrlm,1.2871264533597893,0.2770772612023955,0.0005043285795847592,1.3344755536668527e-05,0.45970185620652115,-0.26785714285714285,-0.2890486127212304,-0.04940213971050975,23.808162556584303,28.222839513731692,29.581444964908695,32.28639053681933,30.116595977336956,31.591901184021562,0.30065830470898236,0.001224797978991558,2.3880088855091045e-05,0.5649348112417489
84,original_firstorder_10Percentile,firstorder,36.77491712465562,1.6116088804008575e-15,1.356219379642251e-10,8.86917420470923e-15,0.5037224617107334,0.4943609022556391,0.5147229306747044,0.0446821900566394,-109.18918026863835,-123.9309064257242,-126.21276810276707,16.00690299735881,17.02687968417287,18.640345637894676,1.4066982471315347e-14,3.45835941808774e-09,4.761346152001797e-14,0.6116629892201763
85,original_firstorder_Entropy,firstorder,11.394819393379922,1.4877390489744279e-05,0.002279710907625037,7.258823636693135e-06,0.5585544088700181,-0.2349624060150376,-0.2977818996831285,-0.03909691629955947,3.752080537678338,3.829980802060212,3.854832290698121,0.22246829765243234,0.19259081842387818,0.1649290365362886,3.161445479070659e-05,0.004745520664852118,1.346181838077636e-05,0.6624715081946726
86,original_glcm_JointEnergy,glcm,0.04928900574245112,0.9519111219449369,0.14042935762084852,0.047560744296128825,0.5569710152517644,-0.11356516290726817,-0.1315403045057578,-0.03925424795468848,0.05232677712649017,0.0526841833715102,0.05182962484408745,0.030881232941343255,0.023665454139188618,0.020622598696434957,0.9519111219449369,0.1896781951283474,0.05916092583177,0.6624715081946726
87,original_firstorder_Uniformity,firstorder,8.01036728561776,0.0003816247885901825,0.001026691647191035,6.124308980892802e-06,0.5939311140201606,0.25281954887218044,0.300177757168251,0.03563561988672121,0.09390048807020825,0.08622682346574627,0.08346053662100908,0.02812601674130584,0.02274905748828236,0.019399061536617232,0.0006999923495036626,0.0022765771307279472,1.1568139186130849e-05,0.6963330302305332
88,original_ngtdm_Contrast,ngtdm,1.0138505550010841,0.36364644543940994,0.04036099869877883,0.045385109366230386,0.626118625348584,0.15789473684210525,0.13285416183630883,-0.032567652611705473,0.01772812741606934,0.016729529202606532,0.016432288811656832,0.006921630468216354,0.009097967831639431,0.007823550828813176,0.38637434827937306,0.060541498048168246,0.05762727207205678,0.7190901354747868
89,original_gldm_GrayLevelVariance,gldm,18.140057874551896,2.6506386992431787e-08,1.005391913349001e-06,5.100494558382797e-08,0.6344912960071648,-0.37656641604010027,-0.3616199088028441,0.031780994336060416,15.81026806248132,17.222922519489362,17.149996208934486,2.2485906917504908,1.9883050451107598,2.0499831507601,6.437265412447719e-08,5.089340958744678e-06,1.1823873748978303e-07,0.7190901354747868
90,original_firstorder_RootMeanSquared,firstorder,21.837253807996376,8.885005906564447e-10,1.4818155285952196e-07,1.6560497684055285e-08,0.6277893539270323,-0.40460526315789475,-0.37468119638302805,0.03241032095657646,99.42543693890534,104.0816371906078,103.80070164542988,6.979570270022137,5.664190543534446,6.105698593198344,3.0209020082319116e-09,1.3740471265155673e-06,4.331207086599074e-08,0.7190901354747868
91,original_glcm_SumSquares,glcm,18.57455389370269,1.773721854449028e-08,6.984386753632385e-07,3.2154601542831044e-08,0.6581820553826299,-0.38204887218045114,-0.36702990957570136,0.02957835116425425,15.802615940395164,17.23999076433304,17.172162291250068,2.265792168691946,2.003247771227045,2.06899981499063,4.638964850097458e-08,4.324377173741196e-06,7.808974660401825e-08,0.737742523615695
92,original_firstorder_MeanAbsoluteDeviation,firstorder,22.21283501697511,6.310854675918968e-10,4.726775332925223e-07,1.3882295291291679e-08,0.689150403272764,-0.38784461152882205,-0.3766906252415179,0.026746381371932033,78.5167047028901,83.68217189776816,83.3663367001397,7.429425250130091,6.542570748292343,6.702253730602043,2.219679920495637e-09,3.4437934568455197e-06,3.7263003150309244e-08,0.7640580558024123
93,original_firstorder_Variance,firstorder,18.203577329727537,2.4993429447007565e-08,5.659370379415801e-07,4.133928583395064e-08,0.6987208242475136,-0.3851817042606516,-0.3640930520132932,0.025881057268722467,9823.494260943447,10695.76703663244,10664.076818803875,1388.372027577239,1240.6875284161486,1281.0438850834396,6.217877569743345e-08,3.848371858002744e-06,9.806063151309221e-08,0.7663389685295311
94,original_glcm_SumEntropy,glcm,0.66571621720014,0.5144106948735565,0.7687388797743921,0.861801163776801,0.7268306868620961,-0.022713032581453633,-0.011592858798979828,0.023363750786658276,4.58763624228818,4.612854293864261,4.619757685760711,0.2982522417414595,0.23906748313523055,0.21344058213272488,0.5246989087710277,0.8083645952266805,0.8969767214819765,0.7886886176588702
95,original_firstorder_RobustMeanAbsoluteDeviation,firstorder,19.714694392337066,6.202342188163215e-09,1.4698366808129964e-06,1.9831236847580582e-07,0.7419178803485694,-0.3707706766917293,-0.3452353350336193,0.022026431718061675,55.70676725671004,61.71288287835561,61.07748695776055,8.572939955485825,7.877446316635311,8.220449067602269,1.7619995475455184e-08,6.518406149692418e-06,4.397361214028738e-07,0.7965855136374115
96,original_ngtdm_Busyness,ngtdm,8.003107431457344,0.00038430952521769713,1.103248109424059e-06,2.376978725110722e-07,0.7687825023039595,0.37515664160401,0.34299404899914987,-0.019666456891126494,13.414517823835055,9.542135592593,9.745746956806155,7.842543929426974,7.499515546926826,9.44591145687062,0.0006999923495036626,5.115059416420637e-06,5.051079790860285e-07,0.816831408697957
97,original_glszm_LargeAreaLowGrayLevelEmphasis,glszm,0.2697475433323357,0.7636956177709102,0.06570169793640515,0.01668941777501239,0.8059450725280923,-0.14176065162907267,-0.1588994512713502,-0.01644115796098175,38118.75349523715,29958.235944047083,32915.89184547275,80977.86322377832,68787.27242695235,93570.65209906286,0.7712569605211174,0.09438835478187782,0.023319460452757037,0.8474886329676847
98,original_glcm_ClusterTendency,glcm,20.27572506386307,3.7050043928178286e-09,2.9182920578736124e-07,4.501193258518263e-09,0.8537054485250997,-0.3948934837092732,-0.38928819846974266,0.012350534927627438,62.38390017283524,68.29845244291052,68.17949153689021,9.07214696252984,8.005850308817871,8.311659422269685,1.1115013178453487e-08,2.2897368454085265e-06,1.275338089913508e-08,0.8885505688730628
99,original_glrlm_GrayLevelNonUniformityNormalized,glrlm,22.309065378864517,5.781738349342755e-10,2.7986703594153732e-06,7.85774734842953e-09,0.879658408371052,0.3607456140350877,0.38310534044362005,0.010147891755821271,0.07586571692800957,0.07104812842641754,0.07102240941824539,0.007870000599043631,0.006132927354658413,0.006240260866243141,2.184212265307263e-09,9.843599195185106e-06,2.1661898095670594e-08,0.9063147237762355
100,original_firstorder_InterquartileRange,firstorder,15.1983246591462,4.100364230132509e-07,3.6023225696634725e-05,3.064621090381714e-06,0.9235002750951549,-0.3181390977443609,-0.309761187108741,0.0064505978602894904,132.63788727148327,147.47335895812844,146.50444234702857,24.193104274091223,22.283424273814752,24.19552350827644,9.294158921633687e-07,9.930727083937141e-05,6.01137213882567e-06,0.941970280597058
101,original_firstorder_Mean,firstorder,1.5644043577852216,0.21034823571391628,0.17375188071421932,0.13201939472837618,0.9591239955440465,0.10479323308270677,0.10000772857253265,-0.003461296412838263,0.22886962000416963,-2.4906588610718052,-1.5985094516294276,10.515953090424516,12.771054639147986,12.05127238608896,0.23070451658945657,0.22124048147137249,0.15658114258481826,0.9591239955440465
102,original_glszm_HighGrayLevelZoneEmphasis,glszm,5.171695749301213,0.006017071598965882,0.0252710232562167,0.008809021710089805,0.9497384893520779,-0.17230576441102757,-0.17389288198469743,0.004247954688483323,131.68211150967173,145.4924668257893,148.4688479464975,36.28353790980619,44.81557464767534,50.583805394270335,0.008644243705556618,0.03847230406170304,0.013022032093176233,0.9591239955440465
